日期,产品,地区,销量,单价,利润,销售额
2023-01-01,耳机,华东,93,5206.68,1074.61,484221.24000000005
2023-01-01,笔记本,华东,176,7219.1,658.24,1270561.6
2023-01-01,手表,华东,152,7170.61,771.44,1089932.72
2023-01-01,耳机,华北,92,2629.87,114.22,241948.03999999998
2023-01-01,手机,华东,93,1522.9,1813.97,141629.7
2023-01-01,手表,华北,92,661.99,32.28,60903.08
2023-01-02,耳机,西部,124,146.22,1638.28,18131.28
2023-01-02,耳机,华东,156,6253.91,35.93,975609.96
2023-01-02,平板,华南,21,7127.21,1197.05,149671.41
2023-01-03,手机,华南,9,7788.39,1455.95,70095.51000000001
2023-01-04,平板,西部,147,3703.69,1993.75,544442.43
2023-01-04,手机,西部,90,121.98,53.35,10978.2
2023-01-04,平板,华北,151,6256.02,805.25,944659.02
2023-01-04,笔记本,华东,156,3965.92,1273.49,618683.52
2023-01-05,耳机,华北,38,1367.7,1145.42,51972.6
2023-01-05,平板,华东,189,7558.37,763.83,1428531.93
2023-01-05,笔记本,华北,29,5950.91,220.97,172576.38999999998
2023-01-05,手机,华北,192,651.06,1134.68,125003.51999999999
2023-01-05,手表,华南,13,3016.32,1598.54,39212.16
2023-01-06,手机,华东,160,3003.16,590.83,480505.6
2023-01-06,手机,西部,42,7267.32,798.99,305227.44
2023-01-06,平板,华北,72,865.0,-15.99,62280.0
2023-01-06,耳机,华东,136,1281.66,1614.33,174305.76
2023-01-07,手表,华南,23,4999.91,535.53,114997.93
2023-01-07,耳机,西部,45,1364.01,35.24,61380.45
2023-01-08,笔记本,华东,72,7436.66,443.37,535439.52
2023-01-08,平板,华北,158,3034.98,837.18,479526.84
2023-01-08,笔记本,华南,65,2871.65,1.66,186657.25
2023-01-09,平板,华南,177,189.54,527.31,33548.58
2023-01-09,笔记本,西部,41,2685.94,979.98,110123.54000000001
2023-01-09,手机,西部,12,1475.06,1065.91,17700.72
2023-01-10,笔记本,西部,35,6026.39,1898.59,210923.65000000002
2023-01-10,手机,华北,177,5396.06,903.94,955102.6200000001
2023-01-12,手表,华北,54,5105.73,1992.88,275709.42
2023-01-12,平板,西部,31,3145.77,1109.99,97518.87
2023-01-12,平板,华北,41,6716.01,-47.72,275356.41000000003
2023-01-13,手机,华北,66,6086.38,1821.74,401701.08
2023-01-13,手表,华南,52,6907.99,1734.91,359215.48
2023-01-13,平板,华南,28,5065.83,1039.48,141843.24
2023-01-13,手表,西部,82,3954.21,746.89,324245.22000000003
2023-01-14,笔记本,华北,148,7047.25,977.62,1042993.0
2023-01-14,平板,华东,136,3133.22,1737.42,426117.92
2023-01-14,手机,华南,188,6910.82,950.76,1299234.16
2023-01-14,手表,华东,194,7978.04,540.78,1547739.76
2023-01-15,手表,华南,21,6261.51,385.52,131491.71
2023-01-15,耳机,华东,186,184.73,1688.62,34359.78
2023-01-15,笔记本,华东,99,6827.75,1078.59,675947.25
2023-01-16,笔记本,华北,39,4736.16,1775.29,184710.24
2023-01-17,平板,华东,120,2159.34,1502.43,259120.80000000002
2023-01-18,笔记本,西部,179,7829.28,1145.67,1401441.1199999999
2023-01-19,手机,华东,113,7059.44,1615.57,797716.72
2023-01-19,耳机,华南,41,3325.07,196.92,136327.87
2023-01-20,耳机,华东,78,1097.13,959.7,85576.14000000001
2023-01-20,平板,华北,113,6847.04,378.1,773715.52
2023-01-20,手机,华东,105,3008.78,780.92,315921.9
2023-01-21,笔记本,华东,161,3361.21,369.12,541154.81
2023-01-21,笔记本,华南,174,2199.63,1682.5,382735.62
2023-01-22,耳机,华南,114,5542.53,236.97,631848.4199999999
2023-01-22,耳机,华北,153,3409.9,1325.74,521714.7
2023-01-22,平板,华东,120,7730.08,1837.52,927609.6
2023-01-23,耳机,华南,174,6583.56,1121.8,1145539.4400000002
2023-01-23,手表,西部,84,6726.42,1854.16,565019.28
2023-01-25,平板,华北,142,7314.62,1739.36,1038676.04
2023-01-25,平板,华东,145,3545.94,320.61,514161.3
2023-01-25,平板,华南,102,1220.84,830.83,124525.68
2023-01-26,手机,华东,59,1051.72,1327.0,62051.48
2023-01-26,平板,华北,30,7374.39,1119.09,221231.7
2023-01-26,平板,华北,64,460.77,145.49,29489.28
2023-01-27,耳机,华北,46,7879.62,1301.99,362462.52
2023-01-28,平板,华东,112,7193.56,653.94,805678.7200000001
2023-01-28,耳机,华北,23,3490.89,1859.69,80290.47
2023-01-28,手表,西部,142,3115.5,1787.98,442401.0
2023-01-28,平板,华东,155,596.27,1241.69,92421.84999999999
2023-01-28,手机,西部,128,7094.44,223.02,908088.32
2023-01-29,笔记本,华东,168,1221.06,195.78,205138.08
2023-01-29,手表,华南,28,7132.3,1446.95,199704.4
2023-01-30,平板,华北,154,228.29,1324.39,35156.659999999996
2023-01-31,手机,华东,74,2545.31,975.12,188352.94
2023-02-02,手机,华东,144,2458.18,1853.69,353977.92
2023-02-02,耳机,华东,88,2024.59,243.73,178163.91999999998
2023-02-02,平板,华北,4,5948.08,1443.16,23792.32
2023-02-03,耳机,华东,155,4975.23,755.95,771160.6499999999
2023-02-03,耳机,华东,64,5655.86,761.8,361975.04
2023-02-03,手机,华南,98,2153.85,54.86,211077.3
2023-02-03,手机,华南,13,5408.25,117.23,70307.25
2023-02-04,手表,华南,38,7544.66,455.65,286697.08
2023-02-04,耳机,华南,147,1642.24,1166.6,241409.28
2023-02-04,笔记本,华南,128,2559.24,870.53,327582.72
2023-02-04,笔记本,华南,187,4690.99,278.46,877215.13
2023-02-04,耳机,华东,122,6193.84,1008.38,755648.48
2023-02-05,手表,华南,52,7916.14,1503.98,411639.28
2023-02-05,手机,华东,53,4444.02,1492.56,235533.06000000003
2023-02-05,手机,西部,58,112.34,1456.6,6515.72
2023-02-05,平板,西部,153,7493.43,1057.61,1146494.79
2023-02-06,手机,华南,147,2985.78,284.19,438909.66000000003
2023-02-06,手表,西部,177,2443.32,1075.19,432467.64
2023-02-06,耳机,西部,180,4749.49,1091.93,854908.2
2023-02-07,手表,华东,143,5715.34,770.44,817293.62
2023-02-07,耳机,华南,38,6614.4,1684.55,251347.19999999998
2023-02-08,手机,华北,178,6940.82,1620.08,1235465.96
2023-02-08,笔记本,华东,173,1725.81,-3.74,298565.13
2023-02-08,手表,西部,109,172.39,1192.29,18790.51
2023-02-08,平板,华南,168,6546.17,413.46,1099756.56
2023-02-08,手表,西部,63,6970.69,1148.31,439153.47
2023-02-08,耳机,华南,99,6098.77,734.71,603778.2300000001
2023-02-08,笔记本,西部,28,7531.91,2.66,210893.47999999998
2023-02-09,手机,华南,10,4327.28,1333.53,43272.799999999996
2023-02-10,手表,华北,98,7809.31,1340.92,765312.38
2023-02-10,笔记本,华北,22,237.58,485.15,5226.76
2023-02-10,手表,西部,192,5795.77,517.99,1112787.84
2023-02-11,笔记本,西部,154,1218.35,792.95,187625.9
2023-02-11,笔记本,西部,198,3172.21,1215.07,628097.58
2023-02-11,笔记本,华北,39,2774.03,530.73,108187.17000000001
2023-02-12,耳机,西部,179,7925.9,1071.2,1418736.0999999999
2023-02-12,笔记本,华东,59,5399.33,1343.25,318560.47
2023-02-13,平板,华北,123,1367.71,1111.54,168228.33000000002
2023-02-13,平板,西部,165,4507.39,75.96,743719.3500000001
2023-02-13,手机,华东,167,695.14,1889.15,116088.38
2023-02-13,耳机,华东,147,6692.07,207.25,983734.2899999999
2023-02-14,平板,华东,42,2233.9,1799.95,93823.8
2023-02-15,耳机,西部,170,6445.73,781.12,1095774.0999999999
2023-02-15,手机,西部,42,1475.88,1334.68,61986.96000000001
2023-02-15,平板,华南,100,6084.09,155.5,608409.0
2023-02-16,手机,华北,184,4897.09,377.05,901064.56
2023-02-16,手机,华南,136,7069.8,428.33,961492.8
2023-02-16,手表,西部,45,6019.97,116.52,270898.65
2023-02-16,平板,西部,185,4588.48,1555.94,848868.7999999999
2023-02-16,手机,华北,38,7066.35,70.06,268521.3
2023-02-17,耳机,华东,67,5008.01,468.7,335536.67000000004
2023-02-17,耳机,西部,26,1271.84,280.99,33067.84
2023-02-17,手机,华南,112,572.27,76.71,64094.24
2023-02-18,手表,华北,98,387.26,807.2,37951.479999999996
2023-02-18,平板,华东,182,2419.52,438.2,440352.64
2023-02-19,平板,华南,165,5719.99,1435.43,943798.35
2023-02-20,手机,华北,120,6671.0,499.76,800520.0
2023-02-20,平板,华南,52,4551.14,953.77,236659.28000000003
2023-02-20,手表,西部,187,5414.55,1135.64,1012520.85
2023-02-20,手机,华南,57,2998.98,1980.18,170941.86000000002
2023-02-20,手表,华南,107,4028.19,831.47,431016.33
2023-02-20,手机,华北,191,2192.62,855.76,418790.42
2023-02-21,笔记本,华南,27,3841.36,53.22,103716.72
2023-02-21,手机,西部,120,2794.28,1366.66,335313.60000000003
2023-02-21,手表,华北,105,2887.24,213.07,303160.19999999995
2023-02-22,笔记本,西部,127,5293.11,328.92,672224.97
2023-02-22,平板,华东,195,2693.03,1643.43,525140.8500000001
2023-02-22,手机,华南,137,5844.45,906.72,800689.65
2023-02-22,耳机,华东,51,7624.88,974.92,388868.88
2023-02-22,耳机,华南,179,5015.68,148.78,897806.7200000001
2023-02-22,手表,西部,33,5436.46,1921.06,179403.18
2023-02-22,手机,西部,149,2397.65,848.27,357249.85000000003
2023-02-23,耳机,华北,48,2321.78,793.17,111445.44
2023-02-23,平板,华南,101,7413.24,669.18,748737.24
2023-02-23,笔记本,华南,28,317.73,1749.97,8896.44
2023-02-23,耳机,华东,116,1667.61,1596.17,193442.75999999998
2023-02-23,手机,华东,19,5830.1,578.19,110771.90000000001
2023-02-23,笔记本,西部,82,2334.91,526.15,191462.62
2023-02-23,手表,西部,176,6496.48,1241.13,1143380.48
2023-02-24,平板,西部,82,3688.71,1999.09,302474.22000000003
2023-02-25,平板,西部,136,5289.41,1456.8,719359.76
2023-02-25,平板,华北,163,7689.32,807.7,1253359.16
2023-02-26,手表,西部,39,4069.79,332.61,158721.81
2023-02-27,笔记本,华东,118,1185.59,1299.11,139899.62
2023-02-27,手机,西部,28,4518.48,32.53,126517.43999999999
2023-02-27,手表,华东,12,2856.02,346.54,34272.24
2023-02-27,手表,华南,196,3820.33,1278.88,748784.6799999999
2023-02-27,平板,华南,55,7749.87,-16.79,426242.85
2023-02-27,平板,西部,150,2804.87,1106.68,420730.5
2023-02-28,平板,华北,106,887.65,1812.29,94090.9
2023-03-01,笔记本,西部,172,499.86,1329.84,85975.92
2023-03-01,手表,华南,21,3384.61,1645.97,71076.81
2023-03-02,耳机,西部,113,4602.23,917.07,520051.98999999993
2023-03-02,耳机,西部,38,474.12,1448.28,18016.56
2023-03-03,手机,华北,6,6465.38,655.11,38792.28
2023-03-03,平板,西部,82,1317.96,860.41,108072.72
2023-03-03,手表,华北,22,3284.1,1367.89,72250.2
2023-03-03,耳机,华东,179,1864.47,139.34,333740.13
2023-03-04,笔记本,华北,198,2817.36,1397.8,557837.28
2023-03-04,笔记本,华东,16,5408.46,1343.38,86535.36
2023-03-04,耳机,华北,49,5077.51,1632.0,248797.99000000002
2023-03-04,手机,华北,68,5105.84,1763.4,347197.12
2023-03-06,笔记本,华东,88,3698.58,1795.54,325475.04
2023-03-06,手表,华东,169,6466.89,1763.95,1092904.4100000001
2023-03-06,手机,华南,175,7128.76,730.95,1247533.0
2023-03-07,平板,华南,44,5452.98,189.0,239931.12
2023-03-07,手机,华东,11,7969.45,1676.44,87663.95
2023-03-08,笔记本,华北,162,6396.43,357.22,1036221.66
2023-03-09,笔记本,华东,148,2466.34,616.68,365018.32
2023-03-09,耳机,华南,119,2263.03,501.04,269300.57
2023-03-10,手机,华南,27,5905.46,1369.33,159447.42
2023-03-10,笔记本,西部,75,6324.88,1386.25,474366.0
2023-03-10,手机,华南,105,5424.41,1686.12,569563.0499999999
2023-03-10,手表,西部,143,6705.1,596.5,958829.3
2023-03-11,笔记本,华东,188,4949.59,1389.32,930522.92
2023-03-11,手机,华南,13,3928.28,1342.09,51067.64
2023-03-13,笔记本,华东,17,6235.3,940.75,106000.1
2023-03-13,笔记本,西部,41,860.04,128.39,35261.64
2023-03-14,笔记本,华东,169,1399.34,1753.18,236488.46
2023-03-15,手机,华北,163,5566.9,429.17,907404.7
2023-03-16,耳机,华北,69,6180.43,1338.75,426449.67000000004
2023-03-16,手表,华南,54,6612.05,558.06,357050.7
2023-03-16,笔记本,华北,189,7168.0,162.04,1354752.0
2023-03-16,笔记本,华北,178,5946.05,1951.95,1058396.9000000001
2023-03-17,平板,华南,169,5405.48,1150.45,913526.1199999999
2023-03-17,笔记本,华北,166,2205.22,1186.46,366066.51999999996
2023-03-17,平板,西部,41,2349.04,1328.64,96310.64
2023-03-19,手表,西部,126,3668.62,222.67,462246.12
2023-03-19,笔记本,西部,129,5109.18,1316.37,659084.2200000001
2023-03-19,耳机,西部,127,1613.4,485.73,204901.80000000002
2023-03-21,手机,华东,157,6697.14,1183.7,1051450.98
2023-03-22,平板,西部,57,3191.29,51.71,181903.53
2023-03-22,平板,华南,65,60.76,1979.72,3949.4
2023-03-22,平板,西部,96,2536.59,801.66,243512.64
2023-03-22,手机,华北,8,4542.43,468.36,36339.44
2023-03-23,手机,华东,37,578.38,1868.67,21400.06
2023-03-24,平板,华南,34,1218.03,388.69,41413.02
2023-03-24,笔记本,华南,139,5554.25,1515.57,772040.75
2023-03-25,笔记本,华北,147,1325.68,1040.34,194874.96000000002
2023-03-26,笔记本,华东,68,7515.59,414.88,511060.12
2023-03-27,手表,华北,145,7576.53,829.58,1098596.8499999999
2023-03-27,笔记本,华北,153,1973.05,839.38,301876.64999999997
2023-03-27,平板,华南,61,2185.07,1775.85,133289.27000000002
2023-03-29,耳机,华南,31,3498.85,397.33,108464.34999999999
2023-03-30,手机,华南,86,5205.61,1724.4,447682.45999999996
2023-03-30,笔记本,华南,143,5275.96,1816.74,754462.28
2023-03-31,手表,西部,67,4494.52,1498.02,301132.84
2023-03-31,平板,华北,127,5916.44,613.24,751387.88
2023-03-31,手机,华东,154,2265.21,708.98,348842.34
2023-03-31,平板,华东,1,3000.35,652.6,3000.35
2023-04-01,耳机,华南,156,5632.06,795.17,878601.3600000001
2023-04-02,手机,华南,175,7536.45,1726.17,1318878.75
2023-04-02,手机,华东,2,6977.74,280.8,13955.48
2023-04-02,笔记本,华东,93,3410.69,627.08,317194.17
2023-04-02,手机,华北,154,5230.54,279.39,805503.16
2023-04-03,平板,华东,45,594.25,1090.99,26741.25
2023-04-03,笔记本,华北,147,5735.05,1588.27,843052.35
2023-04-04,手机,华南,79,6885.37,1520.01,543944.23
2023-04-04,手机,西部,124,1660.93,1231.93,205955.32
2023-04-05,笔记本,西部,31,3694.53,423.72,114530.43000000001
2023-04-05,平板,华东,25,3720.64,227.69,93016.0
2023-04-05,手表,华东,73,7429.05,1984.65,542320.65
2023-04-05,手表,华东,39,6450.47,507.51,251568.33000000002
2023-04-05,手机,华南,179,6528.77,999.0,1168649.83
2023-04-06,手表,西部,7,7683.08,1966.31,53781.56
2023-04-06,笔记本,西部,148,2106.76,556.66,311800.48000000004
2023-04-06,手表,西部,91,558.85,1694.86,50855.35
2023-04-06,手表,西部,79,7344.01,506.85,580176.79
2023-04-06,手表,华东,150,2413.46,552.84,362019.0
2023-04-07,耳机,华北,128,4638.12,280.5,593679.36
2023-04-07,平板,西部,137,5305.06,321.43,726793.2200000001
2023-04-08,耳机,华北,4,3170.04,1039.72,12680.16
2023-04-08,手表,西部,184,2646.78,684.19,487007.52
2023-04-08,笔记本,华北,123,2544.92,1643.16,313025.16000000003
2023-04-09,笔记本,华北,190,4135.14,1306.52,785676.6000000001
2023-04-09,平板,西部,33,348.69,1681.57,11506.77
2023-04-09,耳机,西部,168,7371.91,424.52,1238480.88
2023-04-09,耳机,西部,175,6082.27,1335.44,1064397.25
2023-04-09,耳机,华北,8,5212.11,-23.56,41696.88
2023-04-09,手机,华北,175,1696.25,1914.14,296843.75
2023-04-09,耳机,西部,86,5992.18,258.47,515327.48000000004
2023-04-09,手机,西部,179,1758.56,1558.03,314782.24
2023-04-09,耳机,华北,10,2496.98,1494.62,24969.8
2023-04-10,手表,华南,99,4684.26,1691.37,463741.74000000005
2023-04-10,平板,西部,49,116.14,480.11,5690.86
2023-04-10,手机,西部,84,7284.05,1741.85,611860.2000000001
2023-04-10,耳机,华北,122,5496.82,576.78,670612.0399999999
2023-04-11,手机,华东,49,2202.91,551.37,107942.59
2023-04-11,笔记本,华南,161,5349.47,414.37,861264.67
2023-04-11,耳机,西部,195,6924.04,770.64,1350187.8
2023-04-11,手机,华南,59,7931.06,1306.92,467932.54000000004
2023-04-11,平板,华北,20,3490.5,443.09,69810.0
2023-04-13,耳机,西部,137,5151.79,270.45,705795.23
2023-04-13,平板,西部,173,6766.73,108.23,1170644.29
2023-04-13,耳机,西部,60,6749.56,1581.65,404973.60000000003
2023-04-13,平板,华北,24,80.37,243.15,1928.88
2023-04-14,耳机,华东,166,7763.54,823.55,1288747.64
2023-04-14,笔记本,西部,139,1255.18,1449.57,174470.02000000002
2023-04-15,手表,华北,108,4696.37,143.56,507207.95999999996
2023-04-15,耳机,华东,87,1969.93,1244.49,171383.91
2023-04-16,耳机,华北,69,2973.9,305.67,205199.1
2023-04-16,手机,华南,174,4173.67,1134.5,726218.58
2023-04-16,笔记本,西部,108,6280.72,792.12,678317.76
2023-04-17,手表,华东,114,3933.54,1167.25,448423.56
2023-04-17,笔记本,华北,70,2564.35,703.15,179504.5
2023-04-18,平板,华南,89,399.0,1633.01,35511.0
2023-04-18,手机,华北,161,3022.67,1639.92,486649.87
2023-04-19,手机,西部,3,7016.74,533.31,21050.22
2023-04-19,手表,华北,144,2430.1,578.15,349934.39999999997
2023-04-21,平板,华南,188,1080.95,1155.38,203218.6
2023-04-21,手机,华北,4,3566.24,1840.99,14264.96
2023-04-21,笔记本,华北,194,2874.79,1211.61,557709.26
2023-04-21,手机,西部,34,3746.83,-0.91,127392.22
2023-04-21,笔记本,西部,184,547.39,129.97,100719.76
2023-04-22,手表,西部,163,3430.56,1057.61,559181.28
2023-04-22,笔记本,华南,118,5351.44,40.34,631469.9199999999
2023-04-22,笔记本,华东,21,704.06,1860.07,14785.259999999998
2023-04-22,笔记本,华东,30,7145.84,271.47,214375.2
2023-04-23,耳机,华北,129,1343.46,1208.64,173306.34
2023-04-23,手表,华南,36,463.32,677.41,16679.52
2023-04-23,笔记本,华北,40,5142.89,888.75,205715.6
2023-04-23,笔记本,华南,108,5254.47,828.34,567482.76
2023-04-23,平板,华南,160,4016.22,686.38,642595.2
2023-04-23,平板,西部,49,5310.25,501.78,260202.25
2023-04-23,手表,华北,109,6070.62,834.03,661697.58
2023-04-24,手机,华北,72,2979.17,1282.07,214500.24
2023-04-24,笔记本,华东,124,6300.33,514.24,781240.92
2023-04-25,耳机,华北,168,7370.09,225.88,1238175.12
2023-04-26,手机,华南,14,5845.4,1849.25,81835.59999999999
2023-04-26,平板,华东,17,5564.26,1039.15,94592.42
2023-04-26,手表,华南,41,7613.87,193.35,312168.67
2023-04-27,手机,西部,165,6352.43,1302.37,1048150.9500000001
2023-04-27,平板,华东,38,1682.4,1865.59,63931.200000000004
2023-04-28,平板,西部,19,2978.36,77.18,56588.840000000004
2023-04-28,耳机,西部,34,4655.55,589.99,158288.7
2023-04-28,手机,华北,152,2923.16,1552.88,444320.31999999995
2023-04-28,手机,华东,173,4812.4,1518.99,832545.2
2023-04-29,手机,华北,3,726.57,1018.82,2179.71
2023-04-29,平板,西部,77,1400.55,851.7,107842.34999999999
2023-04-30,手机,华东,128,6694.82,776.58,856936.96
2023-04-30,手表,华北,147,3258.63,1219.75,479018.61000000004
2023-05-01,笔记本,华北,152,1615.56,901.16,245565.12
2023-05-01,手机,华东,30,5612.13,678.65,168363.9
2023-05-02,手表,华东,2,1591.21,207.38,3182.42
2023-05-02,耳机,华南,199,4848.92,1627.68,964935.08
2023-05-02,耳机,西部,120,6440.33,1171.14,772839.6
2023-05-02,笔记本,华东,108,2541.12,309.0,274440.95999999996
2023-05-02,平板,华南,67,3665.38,811.02,245580.46000000002
2023-05-02,笔记本,华北,23,714.26,1790.77,16427.98
2023-05-03,手机,华北,119,7360.27,571.74,875872.13
2023-05-04,手表,华东,69,6311.02,1940.86,435460.38
2023-05-04,手表,华北,76,586.65,1301.82,44585.4
2023-05-05,笔记本,华东,113,4413.43,21.08,498717.59
2023-05-06,平板,华东,57,2730.79,281.94,155655.03
2023-05-06,手表,西部,83,852.78,1173.74,70780.73999999999
2023-05-06,耳机,华北,76,781.93,381.15,59426.67999999999
2023-05-06,笔记本,华东,19,2607.28,378.57,49538.32000000001
2023-05-06,耳机,华南,23,5069.78,1937.11,116604.93999999999
2023-05-06,耳机,华东,82,4716.15,1584.9,386724.3
2023-05-07,笔记本,西部,175,6720.03,718.18,1176005.25
2023-05-07,笔记本,华南,179,2335.32,1090.19,418022.28
2023-05-07,耳机,华北,141,7069.17,1582.3,996752.97
2023-05-08,笔记本,华东,110,2718.1,8.74,298991.0
2023-05-08,笔记本,西部,116,1443.01,1658.97,167389.16
2023-05-08,手机,华北,67,5321.23,760.07,356522.41
2023-05-08,手机,华北,197,6757.01,619.93,1331130.97
2023-05-09,平板,华东,172,4673.9,473.44,803910.7999999999
2023-05-09,耳机,华东,98,6196.48,-28.92,607255.0399999999
2023-05-09,平板,华南,132,5271.21,1548.01,695799.72
2023-05-10,手机,西部,176,121.86,1632.43,21447.36
2023-05-10,耳机,西部,32,6791.93,123.61,217341.76
2023-05-11,手机,华北,185,4080.02,1828.66,754803.7
2023-05-11,手机,华东,158,759.85,-48.66,120056.3
2023-05-11,手表,西部,21,2990.02,1646.48,62790.42
2023-05-11,耳机,华东,138,4378.63,1489.91,604250.9400000001
2023-05-12,笔记本,华北,122,1795.45,66.61,219044.9
2023-05-13,手表,西部,70,5252.02,-0.79,367641.4
2023-05-13,手表,华南,109,661.92,1190.43,72149.28
2023-05-13,笔记本,西部,93,6877.59,1925.13,639615.87
2023-05-13,笔记本,西部,171,2238.54,775.62,382790.33999999997
2023-05-13,笔记本,华北,119,1445.16,373.98,171974.04
2023-05-14,手表,华北,7,598.91,856.17,4192.37
2023-05-14,手机,华南,53,6713.93,571.94,355838.29000000004
2023-05-14,平板,华南,167,3704.34,1452.65,618624.78
2023-05-15,耳机,西部,57,6276.43,1660.87,357756.51
2023-05-15,手表,西部,128,7736.42,1955.63,990261.76
2023-05-15,平板,华东,178,6152.16,12.45,1095084.48
2023-05-16,耳机,华北,107,887.5,905.67,94962.5
2023-05-16,手表,西部,75,2603.24,1152.58,195242.99999999997
2023-05-16,耳机,华南,198,4167.79,1417.9,825222.42
2023-05-17,平板,西部,23,5354.34,402.33,123149.82
2023-05-17,手机,华南,137,2113.36,1464.68,289530.32
2023-05-18,手机,华东,102,164.33,313.02,16761.66
2023-05-19,平板,华南,98,3005.33,1226.51,294522.33999999997
2023-05-19,手表,华东,88,7420.63,1910.4,653015.4400000001
2023-05-20,笔记本,华东,163,1677.21,1752.63,273385.23
2023-05-20,手表,华北,79,1172.73,357.19,92645.67
2023-05-21,平板,华东,75,967.39,77.18,72554.25
2023-05-21,平板,华北,62,5763.98,1363.09,357366.75999999995
2023-05-22,手表,西部,18,1788.74,1490.12,32197.32
2023-05-22,手机,华东,68,2512.81,758.87,170871.08
2023-05-23,手表,西部,8,2355.86,1036.38,18846.88
2023-05-23,手机,华南,162,6438.12,1132.81,1042975.44
2023-05-23,手机,华北,155,5676.38,831.41,879838.9
2023-05-24,手表,西部,65,7024.94,112.52,456621.1
2023-05-24,手机,西部,76,3484.55,1953.42,264825.8
2023-05-24,手表,西部,51,6637.02,1371.52,338488.02
2023-05-24,平板,华东,121,2867.68,1219.3,346989.27999999997
2023-05-24,手表,华北,131,7158.05,760.28,937704.55
2023-05-24,笔记本,华北,153,6935.46,1129.49,1061125.3800000001
2023-05-24,平板,华北,59,7609.88,785.88,448982.92
2023-05-25,手机,华东,105,950.76,908.75,99829.8
2023-05-25,平板,华北,6,116.49,1744.02,698.9399999999999
2023-05-25,笔记本,华北,103,2149.29,1022.97,221376.87
2023-05-25,手表,西部,16,7785.96,1487.21,124575.36
2023-05-25,平板,西部,173,2000.55,685.17,346095.14999999997
2023-05-26,笔记本,华北,2,4903.85,66.91,9807.7
2023-05-26,笔记本,华东,102,1898.42,1088.02,193638.84
2023-05-26,手机,华东,126,6012.32,61.86,757552.32
2023-05-27,笔记本,西部,15,7766.88,543.35,116503.2
2023-05-27,笔记本,华北,82,615.71,401.91,50488.22
2023-05-27,手表,华北,43,3500.47,308.03,150520.21
2023-05-27,平板,华东,154,859.34,1306.64,132338.36000000002
2023-05-27,耳机,华北,49,1508.37,1455.45,73910.12999999999
2023-05-27,耳机,西部,134,1380.2,1070.24,184946.80000000002
2023-05-28,耳机,西部,126,4072.37,107.45,513118.62
2023-05-28,手表,西部,25,1961.17,188.53,49029.25
2023-05-28,笔记本,西部,100,5551.99,1995.39,555199.0
2023-05-29,平板,华南,19,4308.47,928.7,81860.93000000001
2023-05-30,手表,西部,176,2336.68,753.42,411255.68
2023-05-30,手表,华南,145,1195.43,889.96,173337.35
2023-05-30,手机,华东,152,5511.8,1734.87,837793.6
2023-05-31,笔记本,华东,139,4661.71,677.54,647977.6900000001
2023-05-31,平板,华东,19,250.29,1803.7,4755.51
2023-05-31,笔记本,华北,87,2374.45,1109.78,206577.15
2023-05-31,手机,西部,109,3144.38,525.23,342737.42
2023-05-31,手表,华东,118,2647.6,1447.01,312416.8
2023-06-01,笔记本,华南,174,6606.71,1913.14,1149567.54
2023-06-01,平板,华东,198,6351.13,557.53,1257523.74
2023-06-01,手机,华南,54,7025.89,648.97,379398.06
2023-06-01,手机,华东,36,7714.42,489.66,277719.12
2023-06-01,手机,华北,81,5813.8,1789.64,470917.8
2023-06-01,笔记本,华南,23,3304.83,1252.6,76011.09
2023-06-02,笔记本,西部,125,1066.54,834.17,133317.5
2023-06-02,手表,西部,127,7253.39,690.2,921180.53
2023-06-03,笔记本,华南,82,1542.39,1670.25,126475.98000000001
2023-06-03,平板,西部,35,6430.99,1003.1,225084.65
2023-06-03,耳机,华南,6,4801.46,1349.19,28808.760000000002
2023-06-04,手表,华东,142,140.77,1077.23,19989.34
2023-06-04,平板,华东,72,6445.09,320.83,464046.48
2023-06-05,耳机,华北,69,639.14,260.46,44100.659999999996
2023-06-06,手表,西部,28,1048.12,600.98,29347.359999999997
2023-06-07,手机,华东,38,2636.1,1890.85,100171.8
2023-06-07,手表,华东,47,1475.95,1725.51,69369.65000000001
2023-06-07,手机,华东,142,5729.67,755.86,813613.14
2023-06-09,笔记本,西部,65,5524.62,1878.03,359100.3
2023-06-09,平板,华东,130,7552.43,1628.42,981815.9
2023-06-09,手机,华东,34,1529.78,424.33,52012.52
2023-06-09,手表,华北,63,4765.61,635.1,300233.43
2023-06-09,手表,华东,106,776.56,134.25,82315.36
2023-06-09,耳机,西部,26,3609.0,540.29,93834.0
2023-06-09,手表,西部,46,281.9,403.54,12967.4
2023-06-10,平板,华东,150,6466.21,30.75,969931.5
2023-06-10,手机,西部,198,2468.38,1124.74,488739.24000000005
2023-06-10,手机,华东,150,2690.92,1492.42,403638.0
2023-06-10,笔记本,西部,183,5718.72,142.24,1046525.76
2023-06-11,耳机,华南,152,5606.64,986.68,852209.28
2023-06-11,手表,华北,115,166.81,1534.18,19183.15
2023-06-12,笔记本,华南,156,484.34,942.24,75557.04
2023-06-12,耳机,华南,166,5431.68,171.49,901658.88
2023-06-12,平板,华北,9,159.28,783.51,1433.52
2023-06-12,手表,华南,74,2433.41,589.35,180072.34
2023-06-13,手机,华南,161,5060.47,192.35,814735.67
2023-06-13,手机,西部,187,7977.6,1876.12,1491811.2
2023-06-13,手表,西部,126,6342.89,753.07,799204.14
2023-06-14,笔记本,华东,21,6380.12,72.15,133982.52
2023-06-14,手表,华南,21,1970.22,697.89,41374.62
2023-06-14,耳机,华北,143,4768.81,1300.37,681939.8300000001
2023-06-15,手机,华北,115,3318.97,107.35,381681.55
2023-06-16,手机,西部,70,6810.27,996.69,476718.9
2023-06-16,耳机,西部,195,5586.62,881.08,1089390.9
2023-06-17,平板,华南,49,5872.59,467.24,287756.91000000003
2023-06-17,平板,华南,21,5875.23,1573.99,123379.82999999999
2023-06-18,手表,华南,167,1847.7,582.36,308565.9
2023-06-19,平板,华南,50,3265.99,1786.16,163299.5
2023-06-19,笔记本,西部,97,656.1,1070.73,63641.700000000004
2023-06-19,平板,华东,189,1380.49,72.22,260912.61000000002
2023-06-19,手机,西部,70,6265.5,909.54,438585.0
2023-06-19,手表,西部,30,4394.12,1625.48,131823.6
2023-06-19,笔记本,华北,127,4143.72,580.93,526252.4400000001
2023-06-20,手表,西部,125,544.52,1653.45,68065.0
2023-06-21,手表,华北,60,1561.36,1114.35,93681.59999999999
2023-06-21,耳机,华北,12,808.42,938.37,9701.039999999999
2023-06-21,耳机,华北,76,3816.79,1934.56,290076.04
2023-06-21,平板,华北,46,4832.35,1790.83,222288.1
2023-06-22,耳机,西部,56,5045.99,1618.13,282575.44
2023-06-22,手机,华南,187,3202.6,55.15,598886.2
2023-06-22,平板,华东,24,1567.87,284.9,37628.88
2023-06-22,手表,华南,104,4283.41,724.57,445474.64
2023-06-22,平板,华东,8,1611.53,1445.09,12892.24
2023-06-22,耳机,华北,193,2063.52,1279.97,398259.36
2023-06-23,手表,西部,101,65.84,971.17,6649.84
2023-06-23,手表,华东,63,3075.12,1946.29,193732.56
2023-06-24,手机,华北,184,7656.56,948.89,1408807.04
2023-06-25,笔记本,华东,186,6794.98,658.9,1263866.28
2023-06-25,耳机,西部,164,5653.72,409.85,927210.0800000001
2023-06-26,平板,华南,22,4797.38,735.59,105542.36
2023-06-26,笔记本,华东,53,1657.92,1087.11,87869.76000000001
2023-06-26,笔记本,华南,197,3568.24,471.69,702943.2799999999
2023-06-26,平板,华北,76,6522.3,620.23,495694.8
2023-06-27,手机,华北,126,5922.85,1830.4,746279.1000000001
2023-06-27,耳机,华南,154,3011.64,927.52,463792.56
2023-06-28,耳机,华东,127,6498.43,774.93,825300.61
2023-06-28,笔记本,华北,37,1754.53,1415.17,64917.61
2023-06-29,手机,华东,1,722.29,485.38,722.29
2023-06-29,手表,华南,113,786.37,1244.32,88859.81
2023-06-29,手表,华北,120,707.76,-21.58,84931.2
2023-06-29,手表,华南,131,7819.6,1937.93,1024367.6000000001
2023-06-29,笔记本,华南,64,5874.96,1766.48,375997.44
2023-06-30,平板,华南,113,5728.9,1948.12,647365.7
2023-06-30,平板,华北,84,865.42,858.22,72695.28
2023-07-01,手表,华南,195,4350.19,1500.32,848287.0499999999
2023-07-02,手表,西部,84,496.6,1194.63,41714.4
2023-07-02,耳机,华东,163,1869.56,667.37,304738.27999999997
2023-07-03,笔记本,西部,173,4245.04,1652.78,734391.92
2023-07-03,手表,华南,109,3212.8,891.2,350195.2
2023-07-03,耳机,华南,75,6126.61,151.77,459495.75
2023-07-04,手机,西部,61,891.95,515.64,54408.950000000004
2023-07-05,平板,西部,45,1799.89,1648.3,80995.05
2023-07-05,笔记本,华南,183,146.65,787.33,26836.95
2023-07-05,笔记本,华南,155,4449.3,1692.42,689641.5
2023-07-06,笔记本,华南,191,7665.58,564.88,1464125.78
2023-07-06,手表,华北,84,5330.54,1144.56,447765.36
2023-07-06,笔记本,华南,101,6184.43,1134.15,624627.43
2023-07-06,手表,西部,25,2045.46,1102.49,51136.5
2023-07-06,手表,华东,191,288.71,-36.75,55143.60999999999
2023-07-07,平板,华东,88,5572.03,1730.24,490338.63999999996
2023-07-07,手表,华北,61,4194.3,1203.5,255852.30000000002
2023-07-07,耳机,华北,44,5170.99,905.91,227523.56
2023-07-08,耳机,华南,91,7721.87,1957.26,702690.17
2023-07-08,手表,华北,182,2913.86,1091.41,530322.52
2023-07-09,手表,华东,158,3579.16,1004.65,565507.28
2023-07-09,笔记本,华南,178,4270.95,1645.06,760229.1
2023-07-09,手机,华北,62,462.09,66.19,28649.579999999998
2023-07-09,手机,华南,34,4087.05,1760.71,138959.7
2023-07-09,平板,华北,12,6837.59,1592.01,82051.08
2023-07-09,平板,西部,45,2912.4,266.71,131058.0
2023-07-10,耳机,华南,165,4151.1,753.79,684931.5000000001
2023-07-10,平板,华东,154,6900.44,810.24,1062667.76
2023-07-10,平板,西部,184,3383.21,800.39,622510.64
2023-07-11,笔记本,西部,72,7506.82,785.1,540491.04
2023-07-11,耳机,华东,135,84.69,889.56,11433.15
2023-07-11,平板,西部,90,5658.41,1409.88,509256.89999999997
2023-07-11,手表,西部,183,2044.6,1331.37,374161.8
2023-07-11,笔记本,华南,50,5684.69,204.91,284234.5
2023-07-11,手表,华东,91,7620.16,300.42,693434.5599999999
2023-07-11,笔记本,华南,47,2029.62,298.27,95392.14
2023-07-13,耳机,华东,66,3361.7,464.9,221872.19999999998
2023-07-13,手机,华南,30,2659.45,1929.56,79783.5
2023-07-13,耳机,西部,152,202.08,1610.35,30716.160000000003
2023-07-14,耳机,华东,81,7965.27,768.63,645186.87
2023-07-14,平板,华北,96,5213.6,1955.35,500505.60000000003
2023-07-14,平板,西部,191,1833.13,1929.78,350127.83
2023-07-15,耳机,华北,68,5388.26,1462.8,366401.68
2023-07-15,手机,华北,19,4329.74,1654.61,82265.06
2023-07-16,手机,华东,98,4081.12,1913.79,399949.76
2023-07-16,手表,西部,124,4690.52,936.62,581624.4800000001
2023-07-17,笔记本,华南,156,6046.41,16.95,943239.96
2023-07-17,手机,西部,119,3873.08,731.03,460896.52
2023-07-17,笔记本,华东,181,2225.44,1309.21,402804.64
2023-07-17,手机,西部,55,4577.84,1169.44,251781.2
2023-07-18,耳机,华南,189,359.49,1078.86,67943.61
2023-07-20,笔记本,西部,66,6253.99,1867.74,412763.33999999997
2023-07-20,耳机,华北,59,1780.46,1940.43,105047.14
2023-07-20,耳机,西部,27,2889.11,1295.64,78005.97
2023-07-21,手机,西部,89,3063.8,435.71,272678.2
2023-07-21,笔记本,华东,44,2211.97,1188.94,97326.68
2023-07-21,平板,华南,172,1414.97,1866.2,243374.84
2023-07-21,耳机,华东,188,614.73,352.4,115569.24
2023-07-22,平板,西部,63,2346.64,738.45,147838.31999999998
2023-07-22,手表,华南,4,6111.45,217.97,24445.8
2023-07-22,耳机,华北,146,6754.44,773.0,986148.24
2023-07-23,耳机,西部,193,5624.06,398.36,1085443.58
2023-07-24,手表,华东,125,5572.4,328.14,696550.0
2023-07-24,耳机,华南,181,6922.24,317.01,1252925.44
2023-07-25,手表,华北,191,4144.29,223.08,791559.39
2023-07-25,手表,华北,142,5176.42,436.83,735051.64
2023-07-26,手机,华南,143,4874.43,1374.65,697043.49
2023-07-26,耳机,华南,91,7110.54,1273.42,647059.14
2023-07-26,手机,华北,135,4998.19,-35.9,674755.6499999999
2023-07-27,手机,西部,47,7785.97,1003.9,365940.59
2023-07-27,平板,西部,127,3739.56,430.57,474924.12
2023-07-27,手机,华南,75,7529.24,1865.32,564693.0
2023-07-31,手机,西部,125,5310.39,313.16,663798.75
2023-07-31,手机,西部,168,7743.7,1122.85,1300941.5999999999
2023-07-31,笔记本,华北,127,1877.12,1477.69,238394.24
2023-08-01,耳机,华南,188,6580.04,1142.56,1237047.52
2023-08-01,手表,华南,196,128.89,1539.25,25262.44
2023-08-02,手表,华南,168,7664.43,978.11,1287624.24
2023-08-02,耳机,华东,133,1729.29,1200.72,229995.57
2023-08-02,耳机,西部,57,6713.33,1321.9,382659.81
2023-08-03,手表,华北,139,4953.43,-16.7,688526.77
2023-08-03,手机,华南,169,3968.27,85.64,670637.63
2023-08-03,手表,华东,188,6322.01,1329.17,1188537.8800000001
2023-08-03,平板,华北,86,5017.75,265.49,431526.5
2023-08-03,笔记本,华东,131,6711.37,930.91,879189.47
2023-08-04,耳机,西部,1,5912.54,809.15,5912.54
2023-08-04,平板,华北,125,2010.5,283.72,251312.5
2023-08-05,耳机,华北,73,3158.71,-7.09,230585.83000000002
2023-08-05,手机,华南,141,1293.99,1644.0,182452.59
2023-08-05,手表,华东,152,6203.23,1863.07,942890.96
2023-08-05,笔记本,华东,194,887.88,144.68,172248.72
2023-08-05,平板,华东,156,610.41,1740.92,95223.95999999999
2023-08-05,耳机,西部,109,5348.38,774.16,582973.42
2023-08-06,平板,华北,185,5456.89,72.88,1009524.65
2023-08-06,笔记本,华东,139,3458.18,1673.86,480687.01999999996
2023-08-06,平板,华东,63,2957.16,1803.94,186301.08
2023-08-06,平板,华东,49,2177.36,1489.08,106690.64
2023-08-06,手机,华东,21,5358.7,275.41,112532.7
2023-08-08,平板,华北,160,981.77,987.16,157083.2
2023-08-08,手表,华南,174,2988.11,1648.74,519931.14
2023-08-08,耳机,华北,38,2407.65,122.46,91490.7
2023-08-08,手表,华东,107,2888.38,928.57,309056.66000000003
2023-08-08,耳机,华东,14,3940.67,379.87,55169.380000000005
2023-08-08,手机,华南,143,3897.72,1430.24,557373.96
2023-08-08,手表,华东,6,7560.65,413.86,45363.899999999994
2023-08-09,手表,西部,144,6877.18,1150.41,990313.92
2023-08-10,平板,华北,145,1985.0,1917.57,287825.0
2023-08-10,耳机,华北,35,7662.77,649.7,268196.95
2023-08-10,手机,华北,116,2359.51,340.75,273703.16000000003
2023-08-11,平板,华北,29,4307.65,1246.41,124921.84999999999
2023-08-11,手机,西部,170,5624.3,1564.11,956131.0
2023-08-11,手表,华北,148,7121.68,1508.01,1054008.6400000001
2023-08-11,平板,华南,117,4049.9,352.3,473838.3
2023-08-11,手表,华东,190,5999.66,824.12,1139935.4
2023-08-12,耳机,西部,145,7270.42,1178.9,1054210.9
2023-08-12,笔记本,华东,198,5093.19,1601.71,1008451.6199999999
2023-08-12,耳机,华东,175,224.21,124.37,39236.75
2023-08-12,手机,西部,113,7746.12,762.44,875311.5599999999
2023-08-13,手表,华北,75,4443.67,426.06,333275.25
2023-08-13,手表,华东,176,631.0,1041.2,111056.0
2023-08-13,笔记本,华东,74,1973.72,164.13,146055.28
2023-08-13,平板,华东,110,1815.5,622.77,199705.0
2023-08-14,笔记本,华东,27,4529.1,1587.24,122285.70000000001
2023-08-14,耳机,西部,149,584.68,202.73,87117.31999999999
2023-08-14,笔记本,西部,142,6046.27,1360.49,858570.3400000001
2023-08-15,耳机,华南,75,6544.94,1232.65,490870.49999999994
2023-08-15,平板,华东,139,3637.79,283.45,505652.81
2023-08-15,笔记本,华北,188,6292.26,915.47,1182944.8800000001
2023-08-15,笔记本,西部,91,2295.66,1657.51,208905.06
2023-08-15,平板,华南,103,3449.43,681.02,355291.29
2023-08-16,耳机,华东,51,5271.0,1878.8,268821.0
2023-08-16,平板,西部,66,2088.88,824.32,137866.08000000002
2023-08-17,平板,华北,54,6728.86,440.09,363358.44
2023-08-17,笔记本,华南,51,2151.0,363.13,109701.0
2023-08-17,手表,西部,39,4666.56,265.26,181995.84000000003
2023-08-17,手表,华东,171,2702.35,209.99,462101.85
2023-08-17,耳机,华南,117,2636.06,43.45,308419.02
2023-08-18,笔记本,华东,191,6543.4,1555.76,1249789.4
2023-08-18,笔记本,华北,55,984.53,1631.14,54149.15
2023-08-19,手表,华北,11,6355.49,1644.43,69910.39
2023-08-19,平板,华东,116,5409.34,1813.81,627483.4400000001
2023-08-19,笔记本,华东,2,6784.13,857.74,13568.26
2023-08-19,笔记本,华东,92,3786.41,328.5,348349.72
2023-08-19,手机,华北,45,3779.4,1133.09,170073.0
2023-08-21,手表,华北,35,4095.68,1185.02,143348.8
2023-08-21,平板,华北,51,6847.49,1449.55,349221.99
2023-08-21,手表,华东,64,3757.16,1082.35,240458.24
2023-08-21,手表,华南,67,1291.84,1015.2,86553.28
2023-08-21,手机,华南,164,7958.81,1960.16,1305244.84
2023-08-21,手机,华北,143,927.93,775.54,132693.99
2023-08-21,手机,华南,80,4195.6,482.33,335648.0
2023-08-21,耳机,华南,124,2643.72,456.06,327821.27999999997
2023-08-22,手机,华北,42,7850.36,303.67,329715.12
2023-08-23,手表,华北,94,5999.43,1059.82,563946.42
2023-08-23,耳机,华北,92,4668.56,1338.97,429507.52
2023-08-24,手机,华南,159,6481.74,1012.06,1030596.6599999999
2023-08-24,笔记本,华北,5,7039.53,1093.64,35197.65
2023-08-24,笔记本,华北,80,7608.64,547.49,608691.2000000001
2023-08-25,笔记本,华东,194,2175.85,160.83,422114.89999999997
2023-08-25,笔记本,西部,71,7709.82,657.42,547397.22
2023-08-25,耳机,华南,14,7126.62,651.32,99772.68
2023-08-26,耳机,西部,174,6786.73,1148.9,1180891.02
2023-08-26,耳机,西部,106,4721.31,1481.51,500458.86000000004
2023-08-26,手表,西部,47,2458.3,1601.13,115540.1
2023-08-27,手表,西部,81,1324.9,166.24,107316.90000000001
2023-08-27,耳机,华北,4,2715.47,307.54,10861.88
2023-08-27,笔记本,华南,47,6432.35,941.8,302320.45
2023-08-27,手机,华东,109,6081.79,1799.93,662915.11
2023-08-27,手机,华南,28,650.89,1774.32,18224.92
2023-08-28,平板,西部,102,7351.49,924.97,749851.98
2023-08-28,耳机,华东,30,92.24,32.59,2767.2
2023-08-28,笔记本,华北,175,6066.0,923.93,1061550.0
2023-08-29,手表,西部,143,2116.24,593.45,302622.31999999995
2023-08-30,手机,西部,196,1165.58,126.57,228453.68
2023-08-30,手机,西部,11,4376.82,1249.11,48145.02
2023-08-30,平板,华南,143,1765.14,53.0,252415.02000000002
2023-08-30,手机,华北,48,4864.82,645.58,233511.36
2023-08-31,平板,华东,66,4260.79,1171.97,281212.14
2023-08-31,耳机,华东,190,6904.51,1711.18,1311856.9000000001
2023-09-01,手表,华南,107,1710.62,1527.37,183036.34
2023-09-03,笔记本,华南,61,1918.04,1601.58,117000.44
2023-09-03,耳机,西部,141,7817.21,-21.95,1102226.61
2023-09-04,手机,华北,16,5316.35,1607.23,85061.6
2023-09-04,笔记本,华南,192,1974.08,975.57,379023.36
2023-09-04,耳机,华东,9,7737.93,1857.32,69641.37
2023-09-04,耳机,西部,48,2915.39,1265.73,139938.72
2023-09-04,手表,华南,87,2537.61,1168.2,220772.07
2023-09-04,手机,华北,32,6227.54,233.16,199281.28
2023-09-06,手机,华北,189,3662.05,1548.63,692127.4500000001
2023-09-06,平板,西部,135,5673.81,99.11,765964.3500000001
2023-09-06,手表,西部,17,370.79,1087.2,6303.43
2023-09-06,平板,华东,35,6243.87,1982.64,218535.44999999998
2023-09-07,耳机,华南,104,752.66,247.92,78276.64
2023-09-07,笔记本,西部,56,1548.9,630.54,86738.40000000001
2023-09-07,平板,华南,136,7320.66,1073.7,995609.76
2023-09-08,手表,华南,18,5385.7,1619.49,96942.59999999999
2023-09-08,手机,华北,101,4480.83,49.82,452563.83
2023-09-09,耳机,华北,161,3264.1,-10.73,525520.1
2023-09-09,耳机,华东,61,6194.73,494.27,377878.52999999997
2023-09-09,平板,华南,108,4477.18,629.27,483535.44000000006
2023-09-09,手表,西部,163,3906.5,643.07,636759.5
2023-09-09,手表,华东,108,2856.75,93.72,308529.0
2023-09-09,平板,华北,148,1573.16,1206.23,232827.68000000002
2023-09-09,平板,华北,140,4634.78,210.24,648869.2
2023-09-10,手机,华南,65,1875.31,1257.44,121895.15
2023-09-10,手机,西部,138,6100.25,32.12,841834.5
2023-09-10,耳机,华北,37,3415.51,1105.98,126373.87000000001
2023-09-10,手机,华东,192,7465.05,1306.76,1433289.6
2023-09-10,手机,华北,125,4409.93,1140.32,551241.25
2023-09-10,手表,华南,102,2228.87,53.78,227344.74
2023-09-11,手表,华北,15,4335.8,250.19,65037.0
2023-09-11,耳机,西部,161,4005.44,294.82,644875.84
2023-09-11,平板,华北,142,3629.52,1455.01,515391.84
2023-09-12,手表,西部,21,7946.38,1861.74,166873.98
2023-09-12,手表,西部,49,1841.78,1625.69,90247.22
2023-09-12,平板,华南,147,2618.07,329.82,384856.29000000004
2023-09-13,笔记本,华南,176,1602.16,1126.6,281980.16000000003
2023-09-13,耳机,华东,170,6143.79,1328.11,1044444.3
2023-09-14,平板,华北,67,4763.08,1471.66,319126.36
2023-09-14,笔记本,华东,99,7704.01,1495.43,762696.99
2023-09-14,平板,华南,124,3503.51,1310.84,434435.24000000005
2023-09-15,平板,西部,62,5726.72,92.26,355056.64
2023-09-15,平板,华北,106,3131.81,1236.02,331971.86
2023-09-16,手机,华南,196,5270.22,806.22,1032963.12
2023-09-16,手机,西部,85,5708.2,390.13,485197.0
2023-09-16,平板,西部,165,3487.15,95.87,575379.75
2023-09-16,笔记本,华北,184,582.44,1057.57,107168.96
2023-09-16,手表,西部,85,3093.25,1232.58,262926.25
2023-09-17,平板,华北,141,1788.79,364.7,252219.38999999998
2023-09-17,手表,华北,131,511.83,728.49,67049.73
2023-09-18,平板,华北,5,7794.85,111.83,38974.25
2023-09-19,手表,华南,35,5076.64,688.97,177682.40000000002
2023-09-19,手表,华南,192,4528.99,435.69,869566.08
2023-09-20,耳机,华东,108,2295.84,1299.23,247950.72000000003
2023-09-21,手机,华北,46,4195.52,1313.36,192993.92
2023-09-21,手表,华南,111,1723.53,302.25,191311.83
2023-09-21,笔记本,西部,117,7220.42,2.83,844789.14
2023-09-21,手机,西部,120,5921.85,1.19,710622.0
2023-09-21,笔记本,华北,101,5499.28,1328.39,555427.28
2023-09-21,手表,西部,196,1300.32,635.52,254862.72
2023-09-22,平板,华北,167,2512.96,1348.49,419664.32
2023-09-22,手表,华南,176,5438.61,21.57,957195.36
2023-09-24,平板,华南,68,5250.36,393.48,357024.48
2023-09-24,笔记本,华东,121,3521.08,167.04,426050.68
2023-09-25,耳机,华东,8,2113.63,1110.34,16909.04
2023-09-25,笔记本,西部,98,3214.14,713.64,314985.72
2023-09-25,手机,华东,114,5760.73,58.17,656723.22
2023-09-25,手表,华南,41,2018.1,1027.21,82742.09999999999
2023-09-25,耳机,华东,175,4045.92,728.96,708036.0
2023-09-26,耳机,西部,182,7843.93,1577.33,1427595.26
2023-09-27,手机,西部,85,2731.9,1338.66,232211.5
2023-09-28,平板,华东,189,3338.46,744.01,630968.9400000001
2023-09-28,笔记本,华东,69,6280.89,421.49,433381.41000000003
2023-09-28,手机,华北,100,5940.19,1585.35,594019.0
2023-09-28,手表,华东,73,433.08,1509.18,31614.84
2023-09-29,耳机,华东,109,579.19,557.47,63131.71000000001
2023-09-29,手机,华北,162,170.13,208.21,27561.059999999998
2023-09-30,手表,华东,190,6110.31,1178.69,1160958.9000000001
2023-09-30,耳机,华东,120,5644.41,53.67,677329.2
2023-09-30,手表,华东,34,1873.46,1716.41,63697.64
2023-09-30,笔记本,华北,164,2118.88,1974.04,347496.32
2023-10-01,手表,华南,127,1735.35,1211.01,220389.44999999998
2023-10-01,平板,华南,158,582.78,916.88,92079.23999999999
2023-10-02,耳机,华南,52,5651.21,826.35,293862.92
2023-10-02,笔记本,西部,98,5175.72,1272.7,507220.56
2023-10-02,笔记本,华东,98,3355.41,1335.11,328830.18
2023-10-04,手表,华南,158,5010.79,1107.41,791704.82
2023-10-04,笔记本,西部,12,6309.73,1444.33,75716.76
2023-10-04,耳机,西部,163,1377.28,670.0,224496.63999999998
2023-10-04,手表,西部,1,61.72,507.6,61.72
2023-10-04,笔记本,西部,145,3175.9,196.79,460505.5
2023-10-04,笔记本,华南,69,5436.38,1656.85,375110.22000000003
2023-10-05,手机,华北,1,5667.71,614.88,5667.71
2023-10-06,手机,西部,146,7420.53,442.61,1083397.38
2023-10-06,手表,西部,157,2184.84,1637.71,343019.88
2023-10-07,手机,华南,85,4925.67,1132.61,418681.95
2023-10-07,笔记本,华南,30,7466.75,429.32,224002.5
2023-10-07,平板,华南,13,6100.01,1864.19,79300.13
2023-10-07,耳机,华东,81,2529.32,1319.13,204874.92
2023-10-07,平板,华东,73,1346.13,1065.61,98267.49
2023-10-08,手表,华北,131,6859.47,-26.83,898590.5700000001
2023-10-08,笔记本,华北,81,1732.51,410.55,140333.31
2023-10-09,手机,华北,152,202.2,1809.44,30734.399999999998
2023-10-09,耳机,华北,126,3902.08,1281.23,491662.08
2023-10-09,手机,西部,165,4651.51,49.14,767499.15
2023-10-10,手机,西部,153,1332.83,1207.96,203922.99
2023-10-10,平板,华东,32,1169.38,63.99,37420.16
2023-10-10,耳机,西部,8,7686.98,1132.56,61495.84
2023-10-10,手机,华北,86,2203.99,1589.56,189543.13999999998
2023-10-10,手表,华北,181,6463.21,1187.23,1169841.01
2023-10-11,手机,华东,99,673.72,1226.64,66698.28
2023-10-11,平板,华东,180,4395.29,1300.26,791152.2
2023-10-11,手机,西部,2,2037.16,596.24,4074.32
2023-10-11,笔记本,华东,131,4029.8,287.03,527903.8
2023-10-12,手机,华东,12,1280.89,1525.59,15370.68
2023-10-12,手表,华东,183,1894.54,637.51,346700.82
2023-10-12,平板,华南,183,7614.35,556.44,1393426.05
2023-10-13,平板,华北,127,5258.63,312.64,667846.01
2023-10-13,手表,西部,134,4168.16,1964.17,558533.44
2023-10-13,耳机,西部,171,1713.02,1791.69,292926.42
2023-10-13,耳机,华东,169,6462.99,1352.84,1092245.31
2023-10-13,耳机,华东,39,4745.57,1873.99,185077.22999999998
2023-10-15,平板,华北,111,4782.66,742.75,530875.26
2023-10-15,手机,华北,119,5888.83,1404.35,700770.77
2023-10-15,耳机,华北,110,2041.22,1508.33,224534.2
2023-10-16,耳机,西部,85,5189.35,646.94,441094.75000000006
2023-10-16,手机,华南,65,4068.79,1766.65,264471.35
2023-10-16,耳机,华北,124,1881.81,30.5,233344.44
2023-10-16,手表,华北,59,1600.05,1270.11,94402.95
2023-10-16,手表,西部,168,2062.16,42.24,346442.88
2023-10-17,手表,华东,4,7613.81,1983.52,30455.24
2023-10-17,耳机,华东,46,3496.98,7.1,160861.08
2023-10-19,手机,西部,30,7680.91,1521.38,230427.3
2023-10-19,笔记本,西部,135,4686.37,380.72,632659.95
2023-10-20,笔记本,华南,87,2321.38,324.77,201960.06
2023-10-20,耳机,西部,167,3898.41,1170.19,651034.47
2023-10-21,平板,华北,158,407.04,193.22,64312.32
2023-10-21,手表,华东,102,7803.98,137.42,796005.96
2023-10-21,手表,华北,86,5645.66,261.7,485526.76
2023-10-21,手表,华北,139,804.6,1013.05,111839.40000000001
2023-10-22,平板,华东,107,2016.36,1368.62,215750.52
2023-10-23,笔记本,西部,117,4781.3,1025.71,559412.1
2023-10-25,平板,华南,194,4157.75,797.0,806603.5
2023-10-26,平板,华东,181,3529.41,1656.35,638823.21
2023-10-27,手表,西部,123,1381.55,1610.83,169930.65
2023-10-27,耳机,华南,12,7613.99,1128.87,91367.88
2023-10-28,耳机,华南,194,6707.07,1896.01,1301171.5799999998
2023-10-28,手机,西部,181,1911.92,597.33,346057.52
2023-10-28,耳机,华北,43,6172.76,1891.68,265428.68
2023-10-29,耳机,华东,84,5592.81,1661.64,469796.04000000004
2023-10-29,手表,华南,141,6592.72,396.68,929573.52
2023-10-30,笔记本,华东,64,7188.46,1059.6,460061.44
2023-10-30,平板,华东,148,5801.38,260.44,858604.24
2023-10-30,手表,华东,101,6266.58,1609.83,632924.58
2023-10-30,手表,西部,37,7053.74,1113.15,260988.38
2023-10-31,笔记本,西部,87,5848.29,-36.92,508801.23
2023-10-31,平板,华南,58,598.61,1766.67,34719.38
2023-10-31,手表,西部,140,1038.73,1854.75,145422.2
2023-10-31,手表,华东,115,5689.1,579.79,654246.5
2023-10-31,平板,西部,190,3836.87,809.32,729005.2999999999
2023-11-01,平板,西部,11,2705.7,482.65,29762.699999999997
2023-11-01,平板,华南,69,651.81,1170.22,44974.89
2023-11-02,耳机,华北,85,297.64,1126.42,25299.399999999998
2023-11-02,手机,华北,120,5761.71,641.78,691405.2
2023-11-02,手表,华南,5,7991.2,453.99,39956.0
2023-11-03,手机,华北,104,4997.63,161.69,519753.52
2023-11-03,平板,华南,196,466.22,299.95,91379.12000000001
2023-11-04,笔记本,华东,9,336.35,776.58,3027.15
2023-11-04,平板,华北,70,1969.9,733.39,137893.0
2023-11-04,耳机,西部,168,2246.74,1976.26,377452.31999999995
2023-11-05,平板,华东,108,3975.82,1574.82,429388.56
2023-11-06,手机,华东,87,936.52,1592.96,81477.24
2023-11-06,手机,华北,168,4203.96,1680.64,706265.28
2023-11-07,耳机,华北,183,4615.59,475.19,844652.97
2023-11-07,笔记本,西部,175,2258.93,270.21,395312.75
2023-11-07,笔记本,华东,131,3427.56,1177.05,449010.36
2023-11-08,平板,华北,87,6433.87,-4.76,559746.69
2023-11-08,手表,西部,156,194.09,743.91,30278.04
2023-11-08,耳机,华东,104,7184.06,967.29,747142.24
2023-11-09,耳机,西部,164,359.89,150.92,59021.96
2023-11-09,笔记本,华南,142,6410.03,382.81,910224.26
2023-11-10,笔记本,华东,158,2488.87,1379.19,393241.45999999996
2023-11-10,手表,华东,14,5347.76,946.57,74868.64
2023-11-10,平板,华东,76,2187.39,1832.71,166241.63999999998
2023-11-11,平板,华北,12,7267.8,1873.55,87213.6
2023-11-11,耳机,华北,109,5745.36,673.86,626244.24
2023-11-11,耳机,西部,118,6440.25,1862.14,759949.5
2023-11-12,手机,华东,89,1475.08,121.23,131282.12
2023-11-12,笔记本,华东,4,2836.64,114.38,11346.56
2023-11-12,手机,华北,160,3804.64,995.2,608742.4
2023-11-13,笔记本,西部,124,1689.7,876.07,209522.80000000002
2023-11-13,平板,华北,47,129.33,1906.86,6078.51
2023-11-13,笔记本,西部,31,4027.86,1368.7,124863.66
2023-11-13,平板,华北,77,4378.75,406.49,337163.75
2023-11-14,笔记本,华北,57,502.98,1753.49,28669.86
2023-11-14,手表,华东,20,3890.17,1362.63,77803.4
2023-11-14,耳机,华东,47,3524.12,16.51,165633.63999999998
2023-11-14,平板,华东,3,1335.29,662.41,4005.87
2023-11-15,笔记本,西部,26,5916.19,792.94,153820.94
2023-11-15,手机,华东,8,3245.0,1129.97,25960.0
2023-11-16,笔记本,华北,55,2454.24,1321.2,134983.19999999998
2023-11-16,手机,华东,96,1503.56,1788.84,144341.76
2023-11-16,手表,华南,185,2981.22,765.62,551525.7
2023-11-17,笔记本,西部,164,4177.84,1388.56,685165.76
2023-11-17,平板,华东,41,6929.1,856.32,284093.10000000003
2023-11-18,手机,华东,125,6383.62,1601.14,797952.5
2023-11-18,笔记本,华东,114,1601.57,791.9,182578.97999999998
2023-11-19,手机,华南,173,7579.37,1156.12,1311231.01
2023-11-19,平板,华东,17,547.08,1380.56,9300.36
2023-11-19,手机,华南,83,2795.47,755.43,232024.00999999998
2023-11-20,平板,华北,82,3942.51,826.31,323285.82
2023-11-20,平板,华北,129,992.1,1638.43,127980.90000000001
2023-11-21,耳机,西部,189,860.05,117.28,162549.44999999998
2023-11-21,笔记本,华东,97,5801.41,1928.87,562736.77
2023-11-21,手机,华东,162,3005.21,1351.93,486844.02
2023-11-22,手表,华北,159,4563.43,984.13,725585.37
2023-11-22,笔记本,华北,22,5592.23,802.43,123029.06
2023-11-22,笔记本,华北,131,4534.39,1415.24,594005.0900000001
2023-11-22,手表,华北,149,593.41,559.44,88418.09
2023-11-23,平板,华南,86,2161.38,518.8,185878.68000000002
2023-11-23,手机,华北,119,508.97,1818.25,60567.43
2023-11-23,手机,西部,113,1117.49,960.28,126276.37
2023-11-24,手表,西部,74,3691.07,330.75,273139.18
2023-11-25,耳机,华东,7,6586.33,647.84,46104.31
2023-11-26,手机,华北,161,5008.76,1911.28,806410.36
2023-11-26,手机,华南,132,4357.0,1811.44,575124.0
2023-11-26,笔记本,华北,51,4873.52,1336.54,248549.52000000002
2023-11-27,笔记本,华南,57,7140.38,402.03,407001.66000000003
2023-11-27,笔记本,华南,19,6587.93,538.8,125170.67000000001
2023-11-27,耳机,华南,40,3541.72,126.37,141668.8
2023-11-27,手表,华东,147,447.33,769.01,65757.51
2023-11-29,耳机,华北,8,4591.52,645.44,36732.16
2023-12-01,手机,华北,110,3891.29,1865.81,428041.9
2023-12-01,手表,华东,191,3659.22,756.79,698911.02
2023-12-01,笔记本,西部,46,6871.29,1895.41,316079.34
2023-12-01,平板,华南,147,1084.14,-41.42,159368.58000000002
2023-12-02,手机,华南,177,5119.62,1106.04,906172.74
2023-12-02,笔记本,华东,48,4794.97,1553.97,230158.56
2023-12-03,笔记本,华北,77,5955.91,1444.0,458605.07
2023-12-03,手表,华北,71,2252.25,1084.62,159909.75
2023-12-04,笔记本,西部,162,50.09,1825.87,8114.580000000001
2023-12-04,平板,华东,20,5998.06,1978.49,119961.20000000001
2023-12-04,手表,华东,134,2295.71,1204.25,307625.14
2023-12-04,手机,华东,86,4176.31,11.71,359162.66000000003
2023-12-05,手机,华东,194,2862.62,1135.91,555348.28
2023-12-05,耳机,华北,182,2866.46,1263.98,521695.72000000003
2023-12-06,手表,西部,94,7013.27,1640.17,659247.38
2023-12-06,手表,华东,107,1634.2,1181.87,174859.4
2023-12-06,手机,华南,170,1135.98,1670.32,193116.6
2023-12-06,笔记本,华北,151,359.56,1443.75,54293.56
2023-12-06,手机,华南,178,3592.06,1296.91,639386.6799999999
2023-12-07,手机,华北,69,7118.57,857.28,491181.32999999996
2023-12-07,笔记本,西部,93,3294.81,218.5,306417.33
2023-12-07,手表,华北,98,7212.64,1889.24,706838.7200000001
2023-12-08,手机,华北,35,4989.27,1265.08,174624.45
2023-12-08,手表,华东,168,1525.89,1990.92,256349.52000000002
2023-12-08,笔记本,华东,169,4595.38,255.96,776619.22
2023-12-08,平板,华南,121,3105.62,506.56,375780.01999999996
2023-12-08,耳机,华南,99,4881.63,1090.75,483281.37
2023-12-08,耳机,华东,162,3817.67,1155.4,618462.54
2023-12-09,笔记本,西部,4,1867.98,693.25,7471.92
2023-12-10,平板,西部,17,2381.8,1924.89,40490.600000000006
2023-12-10,手机,华南,158,5080.06,1488.04,802649.4800000001
2023-12-11,耳机,华北,144,5635.2,375.46,811468.7999999999
2023-12-11,笔记本,华南,167,1005.65,1465.09,167943.55
2023-12-12,手机,华南,76,7574.33,322.65,575649.08
2023-12-12,手机,华南,199,4881.63,1079.88,971444.37
2023-12-12,手表,西部,162,7350.0,1873.89,1190700.0
2023-12-12,手表,华东,20,4647.47,1310.22,92949.40000000001
2023-12-12,笔记本,华北,21,3211.02,1693.68,67431.42
2023-12-12,手表,西部,138,4814.45,227.2,664394.1
2023-12-12,平板,华南,79,4025.9,464.3,318046.10000000003
2023-12-13,笔记本,西部,12,7981.14,242.24,95773.68000000001
2023-12-14,耳机,华东,167,1674.32,186.05,279611.44
2023-12-14,手机,华南,88,3496.1,115.26,307656.8
2023-12-14,手机,华南,51,7850.48,-27.84,400374.48
2023-12-14,手机,西部,139,5312.65,765.48,738458.35
2023-12-15,耳机,西部,78,6628.68,-1.4,517037.04000000004
2023-12-15,笔记本,西部,97,2900.7,90.32,281367.89999999997
2023-12-15,手表,华南,16,6136.1,727.03,98177.6
2023-12-15,平板,华南,72,4899.56,1336.79,352768.32
2023-12-15,平板,华北,57,2012.25,717.82,114698.25
2023-12-16,手机,华东,25,3377.93,50.9,84448.25
2023-12-16,手表,华东,19,4310.68,683.51,81902.92000000001
2023-12-16,平板,华北,8,3375.75,504.82,27006.0
2023-12-16,笔记本,华南,53,2486.38,1426.32,131778.14
2023-12-17,手表,华北,128,203.65,1109.85,26067.2
2023-12-17,手机,华南,160,1543.97,1059.28,247035.2
2023-12-18,手机,华北,110,3135.92,1785.9,344951.2
2023-12-18,笔记本,华东,113,7849.89,789.83,887037.5700000001
2023-12-18,手表,华东,133,1805.78,677.07,240168.74
2023-12-20,笔记本,华北,105,5397.99,1122.59,566788.95
2023-12-21,手表,西部,68,6127.3,595.58,416656.4
2023-12-21,笔记本,西部,25,302.36,1549.44,7559.0
2023-12-21,平板,西部,87,855.91,1984.79,74464.17
2023-12-21,平板,华南,161,4063.13,872.62,654163.93
2023-12-22,平板,华南,50,7760.92,722.19,388046.0
2023-12-23,手表,华北,45,2024.65,-49.94,91109.25
2023-12-23,耳机,华北,107,3740.7,1556.11,400254.89999999997
2023-12-23,平板,华南,176,3222.33,930.98,567130.08
2023-12-24,笔记本,华东,178,5204.13,244.11,926335.14
2023-12-24,手机,西部,51,5584.44,402.0,284806.44
2023-12-25,手机,华北,192,1606.87,1501.95,308519.04
2023-12-25,耳机,华南,72,7850.09,87.83,565206.48
2023-12-26,手机,华北,71,3995.26,765.25,283663.46
2023-12-26,耳机,华南,60,7606.15,715.59,456369.0
2023-12-26,耳机,华东,88,509.86,865.76,44867.68
2023-12-26,平板,华南,58,1633.76,178.77,94758.08
2023-12-26,手表,华东,152,3049.68,461.82,463551.36
2023-12-26,耳机,华东,116,2768.15,1742.33,321105.4
2023-12-27,笔记本,西部,161,3165.28,677.19,509610.08
2023-12-27,手表,华南,161,3306.88,148.12,532407.68
2023-12-29,耳机,华南,128,546.03,1880.02,69891.84
2023-12-30,笔记本,西部,32,3460.11,761.67,110723.52
2023-12-30,耳机,西部,84,3490.2,1173.67,293176.8
2023-12-31,笔记本,西部,53,1140.33,-8.72,60437.49
2023-12-31,笔记本,华东,113,4982.77,524.69,563053.01
2023-12-31,耳机,华南,146,1817.77,339.37,265394.42
2023-12-31,手表,西部,21,1493.83,495.15,31370.43
2023-12-31,笔记本,西部,65,1631.99,1326.11,106079.35
2023-12-31,手机,华东,164,2327.83,1178.56,381764.12
